WATERSHED,SUBSHED,ACRES,TYPE,WATERSHED_SEGMENTS,SEWER_SYSTEM,GIS_ID,GLOBALID,CREATOR,CREATED,EDITOR,EDITED,OBJECTID,SHAPEAREA,SHAPELEN
Rock Creek,Fenwick Branch,220.80597348,TMDL Subsheds,Rock Creek - Upper,MS4,temp_151,{59688367-A060-467B-A962-605C58D6EE95},,,,,1,0,0
Rock Creek,Portal Branch,71.44439112,TMDL Subsheds,Rock Creek - Upper,MS4,temp_152,{FED9FC4C-0557-4B84-AF6D-5132372EF7D2},,,,,2,0,0
Rock Creek,Rock Creek,38.0440117,Direct Drain - Sewersheds,Rock Creek - Upper,MS4,temp_55,{18277AA5-9DF4-4713-9CBF-B8C2887B5471},,,,,3,0,0
Rock Creek,Rock Creek,988.36609941,Direct Drain - Overland,Rock Creek - Upper,MS4,temp_177,{3C21D16E-947B-4D7A-A455-EB0CBDDC169F},,,,,4,0,0
Rock Creek,Luzon Branch,643.53041678,TMDL Subsheds,Rock Creek - Upper,MS4,temp_154,{0C9B758D-B04F-44DB-87B7-4D4D32B70A8E},,,,,5,0,0
Rock Creek,Rock Creek,98.22788832,Direct Drain - Sewersheds,Rock Creek - Upper,MS4,temp_58,{E4BEB8EC-5C52-40BF-8A14-79C44586CA68},,,,,6,0,0
Rock Creek,Rock Creek,4.40708516,Direct Drain - Sewersheds,Rock Creek - Upper,MS4,temp_57,{C22CB71E-F1AB-43B7-BD11-DF0D91FE62A2},,,,,7,0,0
Rock Creek,Rock Creek,27.52721227,Direct Drain - Sewersheds,Rock Creek - Upper,MS4,temp_22,{F633AD80-F5CB-4570-A91E-7817A066B1B2},,,,,8,0,0
Rock Creek,Rock Creek,2.02081231,Direct Drain - Sewersheds,Rock Creek - Upper,MS4,temp_56,{431200BE-771D-438D-A979-A683396010F9},,,,,9,0,0
Rock Creek,Rock Creek,11.78916633,Direct Drain - Sewersheds,Rock Creek - Upper,MS4,temp_89,{92B414DA-2895-4056-8323-6B61BB667EFD},,,,,10,0,0
Rock Creek,Rock Creek,0.60365316,Direct Drain - Sewersheds,Rock Creek - Upper,MS4,temp_60,{0D0BB311-0624-49AC-A616-338E9C794B59},,,,,11,0,0
Rock Creek,Pinehurst Branch,449.35021581,TMDL Subsheds,Rock Creek - Upper,MS4,temp_148,{DED83BED-F1F5-40C0-AC09-DE6B990E0812},,,,,12,0,0
Anacostia River,Anacostia River,1065.4821818,Direct Drain - Overland,Anacostia River - Upper,MS4,temp_172,{692C65CC-4656-40E2-ADC6-18736BB4874E},,,,,13,0,0
Rock Creek,Rock Creek,1.10635094,Direct Drain - Sewersheds,Rock Creek - Upper,MS4,temp_59,{FD0B59F4-0F09-4654-A46E-7F4B47C35104},,,,,14,0,0
Anacostia River,Anacostia River / Sligo Creek,47.68153114,Direct Drain - Sewersheds,Anacostia River - Upper,MS4,temp_116,{7C18E624-801F-42E7-8741-1EA6B7CD9687},,,,,15,0,0
Rock Creek,Rock Creek,26.86753191,Direct Drain - Sewersheds,Rock Creek - Upper,MS4,temp_183,{5508CCFA-5DA8-4F6B-93EA-F26B4926568B},,,,,16,0,0
Rock Creek,Rock Creek,16.79760542,Direct Drain - Sewersheds,Rock Creek - Upper,MS4,temp_54,{A6112F73-386B-4372-B2D0-2BB6247B8DB6},,,,,17,0,0
Rock Creek,Rock Creek / Piney Branch,2363.50708303,CSS Subsheds,Rock Creek - Lower,CSS,temp_181,{AA701D12-E864-4421-A5C9-7F9C17556E2E},,,,,18,0,0
Anacostia River,Anacostia River / Sligo Creek,14.1329192,Direct Drain - Sewersheds,Anacostia River - Upper,MS4,temp_117,{F311EB2E-8851-4146-8DFF-910B0B63D67F},,,,,19,0,0
Rock Creek,Bingham Run,166.67074006,TMDL Subsheds,Rock Creek - Upper,MS4,temp_166,{CF8C6243-0B8B-40B2-87C8-EFDE01359917},,,,,20,0,0
Rock Creek,Rock Creek,10.79962518,Direct Drain - Sewersheds,Rock Creek - Upper,MS4,temp_61,{BFA2EF1E-1EFB-4B72-A47C-09E92E396989},,,,,21,0,0
Rock Creek,Broad Branch,1148.45081753,TMDL Subsheds,Rock Creek - Upper,MS4,temp_149,{AF72BF20-E751-46EC-8508-5EAC5716730A},,,,,22,0,0
Anacostia River,Anacostia River / Sligo Creek,8.78038515,Direct Drain - Sewersheds,Anacostia River - Upper,MS4,temp_118,{330466AE-DC8D-4686-84EB-584195035193},,,,,23,0,0
Anacostia River,Anacostia River / Sligo Creek,117.99906025,Direct Drain - Sewersheds,Anacostia River - Upper,MS4,temp_119,{830AD8D4-099D-4DDB-AE67-4C0B39B86D13},,,,,24,0,0
Potomac River,Potomac River / To Little Falls,6.81924862,Direct Drain - Sewersheds,Potomac River - Upper,MS4,temp_134,{6EF164E7-7E12-4FE0-8C17-A94FB33033AD},,,,,25,0,0
Rock Creek,Milkhouse Run,66.0496804,TMDL Subsheds,Rock Creek - Upper,MS4,temp_168,{79D121B5-ACDC-4152-A69D-15F5BB952368},,,,,26,0,0
Anacostia River,Anacostia River / Sligo Creek,36.475093,Direct Drain - Sewersheds,Anacostia River - Upper,MS4,temp_120,{13BBBCB5-CFF6-433C-B2F0-94C7D19C51B1},,,,,27,0,0
Anacostia River,Anacostia River / Sligo Creek,15.58963322,Direct Drain - Sewersheds,Anacostia River - Upper,MS4,temp_121,{7612AA4F-27C8-4B53-8DE7-AB5443157F78},,,,,28,0,0
Potomac River,Potomac River,626.43947547,Direct Drain - Overland,Potomac River - Upper,MS4,temp_175,{D88C3239-373F-4638-BCA0-A5E0E19EC45C},,,,,29,0,0
Rock Creek,Rock Creek,23.28771468,Direct Drain - Sewersheds,Rock Creek - Upper,MS4,temp_23,{29418F69-8ADB-411B-A79D-8217EA263F37},,,,,30,0,0
Potomac River,Potomac River / To Little Falls,94.90070123,Direct Drain - Sewersheds,Potomac River - Upper,MS4,temp_128,{2CD5B8D3-FC5F-48D3-9B26-4D1C54F012F7},,,,,31,0,0
Anacostia River,Northwest Branch,1988.31561971,TMDL Subsheds,Anacostia River - Upper,MS4,temp_165,{DE3CACCF-A7F5-4928-ABA0-14080252C8FB},,,,,32,0,0
Rock Creek,Rock Creek,62.92288026,Direct Drain - Sewersheds,Rock Creek - Upper,MS4,temp_24,{AB08A540-D187-45F1-8BC9-AC79A5222AB9},,,,,33,0,0
Rock Creek,Rock Creek,1.69388293,Direct Drain - Sewersheds,Rock Creek - Upper,MS4,temp_25,{4EEF804B-71A3-401A-95F2-DA545138AB3E},,,,,34,0,0
Rock Creek,Rock Creek,5.05072609,Direct Drain - Sewersheds,Rock Creek - Upper,MS4,temp_31,{A11247A7-72AB-46F4-8F07-CC1B96713AB3},,,,,35,0,0
Potomac River,Potomac River / To Little Falls,22.13433837,Direct Drain - Sewersheds,Potomac River - Upper,MS4,temp_127,{CF5D6E2C-FB75-49F8-A9CF-75DDABCDE329},,,,,36,0,0
Rock Creek,Rock Creek,3.42838948,Direct Drain - Sewersheds,Rock Creek - Upper,MS4,temp_26,{FBC1595D-A3A4-4A28-9134-CD552BA05988},,,,,37,0,0
Rock Creek,Piney Branch,158.96178915,TMDL Subsheds,Rock Creek - Lower,MS4,temp_188,{B334DC15-6E8C-4E80-B63F-42958F1FAB1C},,,,,38,0,0
Rock Creek,Blagden Run,203.79109322,TMDL Subsheds,Rock Creek - Upper,MS4,temp_167,{AFC1AEF6-0217-4275-99DD-7753A45F22FA},,,,,39,0,0
Potomac River,Potomac River / To Little Falls,3.94278315,Direct Drain - Sewersheds,Potomac River - Upper,MS4,temp_126,{C3C8D479-7B59-454D-899C-39E30D1BBC39},,,,,40,0,0
Potomac River,Potomac River / Mill Creek,710.23813518,Direct Drain - Sewersheds,Potomac River - Upper,MS4,temp_124,{515997B4-8023-4D99-8090-F9103F396ADB},,,,,41,0,0
Potomac River,Potomac River / To Little Falls,10.7949973,Direct Drain - Sewersheds,Potomac River - Upper,MS4,temp_130,{7587E21A-5EB9-4E98-B16F-3B35593159F2},,,,,42,0,0
Potomac River,Potomac River / To Little Falls,24.26841804,Direct Drain - Sewersheds,Potomac River - Upper,MS4,temp_125,{D9577681-00F1-4F51-9217-9F63D55C26A3},,,,,43,0,0
Rock Creek,Soapstone Creek,516.37486172,TMDL Subsheds,Rock Creek - Upper,MS4,temp_153,{F98D2807-55BB-4732-9CA5-0BF228662B15},,,,,44,0,0
Potomac River,Foundry Branch,1134.54833189,TMDL Subsheds,Potomac River - Upper,MS4,temp_161,{9C89276C-8363-4552-A582-CE4D21E8860B},,,,,45,0,0
Potomac River,Potomac River / Mill Creek,15.76961254,Direct Drain - Sewersheds,Potomac River - Upper,MS4,temp_123,{400661FB-0792-4DCB-9ACC-9D89B20476DC},,,,,46,0,0
Potomac River,Potomac River / Mill Creek,11.68109563,Direct Drain - Sewersheds,Potomac River - Upper,MS4,temp_129,{BBCD3155-FA69-493D-B2BB-4971CC317391},,,,,47,0,0
Potomac River,Potomac River / Mill Creek,14.18257361,Direct Drain - Sewersheds,Potomac River - Upper,MS4,temp_131,{FB258786-8DEE-4960-9085-6C436AE3BE97},,,,,48,0,0
Potomac River,Potomac River / Mill Creek,0.69936119,Direct Drain - Sewersheds,Potomac River - Upper,MS4,temp_133,{2186B026-0918-4ABE-80A8-F84F857E8175},,,,,49,0,0
Potomac River,Potomac River / Mill Creek,9.75759875,Direct Drain - Sewersheds,Potomac River - Upper,MS4,temp_132,{EEA02551-218B-4F1B-9472-50BB0F7F194C},,,,,50,0,0
Potomac River,Potomac River / Unknown Creek to Little Falls,38.41105636,Direct Drain - Sewersheds,Potomac River - Upper,MS4,temp_122,{5832CF1F-D2DF-41BD-BDBB-F5A2D9EC6074},,,,,51,0,0
Anacostia River,Anacostia River,6887.58484845,CSS Subsheds,Anacostia River - Lower,CSS,temp_178,{7262B2A4-09A3-420E-8EAF-BF1B32F278C8},,,,,52,0,0
Potomac River,Dalecarlia Tributary,270.26433705,TMDL Subsheds,Potomac River - Upper,MS4,temp_163,{85F86DE2-5A12-47B2-A0B3-BB8798693AEC},,,,,53,0,0
Rock Creek,Rock Creek,45.31826836,Direct Drain - Sewersheds,Rock Creek - Lower,MS4,temp_7,{15444AD3-42B1-4196-8581-6996F5D59243},,,,,54,0,0
Rock Creek,Melvin Hazen Valley Branch,174.32623743,TMDL Subsheds,Rock Creek - Lower,MS4,temp_155,{3F7FB78F-D61E-4511-AB64-0508D007A1D0},,,,,55,0,0
Rock Creek,Rock Creek,1.23274459,Direct Drain - Sewersheds,Rock Creek - Upper,MS4,temp_96,{6568CD2B-7C66-4339-894E-741CDAA2A139},,,,,56,0,0
Rock Creek,Rock Creek,236.90259399,Direct Drain - Sewersheds,Rock Creek - Lower,MS4,temp_32,{5AC9F4B1-3BF4-436B-AC28-6910F8279BAA},,,,,57,0,0
Rock Creek,Rock Creek,1.97619505,Direct Drain - Sewersheds,Rock Creek - Upper,MS4,temp_97,{9798AEEC-B1E6-4DBD-BAA9-A09E13DE3FF5},,,,,58,0,0
Rock Creek,Rock Creek,5.82446105,Direct Drain - Sewersheds,Rock Creek - Upper,MS4,temp_98,{DF6557AF-CAFB-4FB9-9899-B91AA61BEB3D},,,,,59,0,0
Rock Creek,Rock Creek,3.50211178,Direct Drain - Sewersheds,Rock Creek - Upper,MS4,temp_99,{A8F2C407-1157-46B6-A396-8C670E677C62},,,,,60,0,0
Rock Creek,Rock Creek,368.74598169,Direct Drain - Overland,Rock Creek - Lower,MS4,temp_176,{C2EE02A7-0241-45C6-9A37-1FD4485E38A2},,,,,61,0,0
Rock Creek,Rock Creek,1603.22272181,CSS Subsheds,Rock Creek - Lower,CSS,temp_180,{0E68BFDC-837F-4CD9-AC30-D7D55DC61756},,,,,62,0,0
Rock Creek,Rock Creek,15.74936363,Direct Drain - Sewersheds,Rock Creek - Lower,MS4,temp_8,{36156B38-9433-4125-B910-C498B6218522},,,,,63,0,0
Anacostia River,Anacostia River / To MD - Anacostia,181.56200439,Direct Drain - Sewersheds,Anacostia River - Upper,MS4,temp_48,{ABA5ADA6-73F9-44FF-8340-27E8A6300434},,,,,64,0,0
Potomac River,C & O Canal,613.11270454,TMDL Subsheds,Potomac River - Upper,MS4,temp_159,{86F8F14C-07D4-4C7A-B075-2BFAF1157EEF},,,,,65,0,0
Rock Creek,Rock Creek,9.5467956,Direct Drain - Sewersheds,Rock Creek - Lower,MS4,temp_66,{4BAF6591-97DF-4FAE-B959-A75EC9384E37},,,,,66,0,0
Rock Creek,Klingle Valley Run,171.8523852,TMDL Subsheds,Rock Creek - Lower,MS4,temp_147,{51909FBA-7F14-401C-9B80-3989F90225A7},,,,,67,0,0
Rock Creek,Rock Creek,1.5511781,Direct Drain - Sewersheds,Rock Creek - Lower,MS4,temp_67,{A0EDE6A2-C545-4BFE-B10D-A5BE795511DA},,,,,68,0,0
Rock Creek,Rock Creek,7.13444119,Direct Drain - Sewersheds,Rock Creek - Lower,MS4,temp_69,{CA47DD83-38DA-46E2-BEBF-BAC922DAB409},,,,,69,0,0
Rock Creek,Rock Creek,2.35137349,Direct Drain - Sewersheds,Rock Creek - Lower,MS4,temp_95,{AE4F2D90-6811-4364-99FC-240D42B5089A},,,,,70,0,0
Potomac River,Battery Kemble Creek,231.58086121,TMDL Subsheds,Potomac River - Upper,MS4,temp_162,{13F4AC37-7A6E-4B29-9950-6A282C6156AB},,,,,71,0,0
Rock Creek,Rock Creek,6.998074,Direct Drain - Sewersheds,Rock Creek - Lower,MS4,temp_65,{CB4396E0-4467-458E-B373-F9E040889AEF},,,,,72,0,0
Potomac River,Potomac River,157.39349259,Direct Drain - Sewersheds,Potomac River - Upper,MS4,temp_6,{20132B78-918E-4132-96E5-CC81F29E5770},,,,,73,0,0
Anacostia River,Anacostia River / To MD - Anacostia,5.31283983,Direct Drain - Sewersheds,Anacostia River - Upper,MS4,temp_68,{528BC771-FEED-4918-A045-4ABCA8497F2E},,,,,74,0,0
Anacostia River,Anacostia River / To MD - Anacostia,45.45929241,Direct Drain - Sewersheds,Anacostia River - Upper,MS4,temp_135,{0F3FCB76-62C4-4FF7-8CE2-2CAF9198885B},,,,,75,0,0
Rock Creek,Normanstone Creek,217.77882315,TMDL Subsheds,Rock Creek - Lower,MS4,temp_156,{95B56E6D-F3F5-4ED6-B25D-A9040CCAD473},,,,,76,0,0
Rock Creek,Rock Creek,93.88818772,Direct Drain - Sewersheds,Rock Creek - Lower,MS4,temp_33,{3D0A80B4-8E51-49F4-AA8C-9015A99720E9},,,,,77,0,0
Anacostia River,Hickey Run,1103.84644479,TMDL Subsheds,Anacostia River - Upper,MS4,temp_142,{7A34FBBF-51C7-4556-8774-63A1A5D62BAF},,,,,78,0,0
Potomac River,Potomac River,1371.11767514,CSS Subsheds,Potomac River - Middle,CSS,temp_179,{FEED348A-4E37-4D20-BB50-FA3CBA8ADBE8},,,,,79,0,0
Anacostia River,Anacostia River / To MD - Anacostia,6.25868892,Direct Drain - Sewersheds,Anacostia River - Upper,MS4,temp_49,{0C310E8E-2AD3-489D-AD32-828CAED4C496},,,,,80,0,0
Anacostia River,Anacostia River,63.93354946,Direct Drain - Sewersheds,Anacostia River - Upper,MS4,temp_137,{E23C0CE0-0BBF-4E43-8673-B758F8BA6BB6},,,,,81,0,0
Rock Creek,Rock Creek,34.06628619,Direct Drain - Sewersheds,Rock Creek - Lower,MS4,temp_106,{0269FFA2-CB19-4C3C-BAAB-4B7527339085},,,,,82,0,0
Anacostia River,Anacostia River,71.42013112,Direct Drain - Sewersheds,Anacostia River - Upper,MS4,temp_136,{5FA280C8-4427-4956-8A82-D888A1BA362F},,,,,83,0,0
Rock Creek,Rock Creek,8.79978359,Direct Drain - Sewersheds,Rock Creek - Lower,MS4,temp_110,{CDAEF6A2-B7B2-43FB-86D7-257E940ADC9C},,,,,84,0,0
Rock Creek,Rock Creek,2.5872633,Direct Drain - Sewersheds,Rock Creek - Lower,MS4,temp_10,{ECA40E6C-391D-451A-A2A9-0341A5DD04F2},,,,,85,0,0
Rock Creek,Dumbarton Oaks,136.0732987,TMDL Subsheds,Rock Creek - Lower,MS4,temp_150,{713C29FB-EE66-422A-9DEC-C661B5F93DC7},,,,,86,0,0
Rock Creek,Rock Creek,4.76713657,Direct Drain - Sewersheds,Rock Creek - Lower,MS4,temp_9,{D5009450-C31A-4BC5-B638-23A34FA10BDA},,,,,87,0,0
Anacostia River,Anacostia River,9.06674367,Direct Drain - Sewersheds,Anacostia River - Upper,MS4,temp_52,{BAF29C04-4002-4000-BE8B-4565879F2602},,,,,88,0,0
Rock Creek,Rock Creek,43.8891533,Direct Drain - Sewersheds,Rock Creek - Lower,MS4,temp_107,{C82F12AB-DCC1-4212-AE49-2005F6DD5876},,,,,89,0,0
Anacostia River,Anacostia River,29.88815943,Direct Drain - Sewersheds,Anacostia River - Upper,MS4,temp_36,{F8063473-0297-4120-889B-25808FC4B68A},,,,,90,0,0
Rock Creek,Rock Creek,4.84223474,Direct Drain - Sewersheds,Rock Creek - Lower,MS4,temp_111,{4D8B696B-E047-41D4-A676-F60A3B38A8E2},,,,,91,0,0
Anacostia River,Anacostia River,19.76547666,Direct Drain - Sewersheds,Anacostia River - Upper,MS4,temp_34,{5424F3A7-E64F-45D5-B5C6-FA2C4B6418FE},,,,,92,0,0
Rock Creek,Rock Creek,5.0808999,Direct Drain - Sewersheds,Rock Creek - Lower,MS4,temp_112,{A7355102-96CD-45D1-A0FD-9B573E194826},,,,,93,0,0
Anacostia River,Anacostia River,4.26075567,Direct Drain - Sewersheds,Anacostia River - Upper,MS4,temp_105,{51F6348B-B030-4EBE-921C-7AD207B664F2},,,,,94,0,0
Anacostia River,Anacostia River,8.13636756,Direct Drain - Sewersheds,Anacostia River - Upper,MS4,temp_53,{19614C5F-1282-45F9-819B-4DB226133574},,,,,95,0,0
Rock Creek,Rock Creek,10.0802776,Direct Drain - Sewersheds,Rock Creek - Lower,MS4,temp_109,{C9F48B18-5294-448F-B3A4-80FE829873E4},,,,,96,0,0
Anacostia River,Anacostia River,0.69530528,Direct Drain - Sewersheds,Anacostia River - Upper,MS4,temp_182,{155A730B-6D7F-4230-97D1-EEF964325137},,,,,97,0,0
Rock Creek,Rock Creek,0.46536063,Direct Drain - Sewersheds,Rock Creek - Lower,MS4,temp_184,{CB31A706-4F17-47B0-B4A9-7D72BCFA7CEB},,,,,98,0,0
Anacostia River,Anacostia River,5.91299063,Direct Drain - Sewersheds,Anacostia River - Upper,MS4,temp_35,{C70D0C26-A4FA-49E0-9759-C0D8913405E0},,,,,99,0,0
Rock Creek,Rock Creek,0.48531028,Direct Drain - Sewersheds,Rock Creek - Lower,MS4,temp_185,{D8AC2D94-2D02-43BD-98E2-6D4412DFF76F},,,,,100,0,0
Rock Creek,Rock Creek,5.79186241,Direct Drain - Sewersheds,Rock Creek - Lower,MS4,temp_186,{4722717B-0CA0-4945-AECF-B29A6EAF517F},,,,,101,0,0
Anacostia River,Lower Beaverdam Creek,32.15581303,TMDL Subsheds,Anacostia River - Upper,MS4,temp_169,{C708833E-395D-459C-9255-BE146E0A6131},,,,,102,0,0
Anacostia River,Nash Run,472.15871618,TMDL Subsheds,Anacostia River - Upper,MS4,temp_143,{1A240B17-4CE8-4EFA-85D6-3C2FDD378E06},,,,,103,0,0
Rock Creek,Rock Creek,1.09736904,Direct Drain - Sewersheds,Rock Creek - Lower,MS4,temp_187,{34C15469-B430-4AF8-A078-4CB896B8F0EA},,,,,104,0,0
Rock Creek,Rock Creek,2.05105178,Direct Drain - Sewersheds,Rock Creek - Lower,MS4,temp_113,{532517DC-A7E4-4C2D-A2DF-B7E88A839219},,,,,105,0,0
Rock Creek,Rock Creek,3.30096205,Direct Drain - Sewersheds,Rock Creek - Lower,MS4,temp_30,{CD01A2BF-3B4B-4FBA-94B3-EC91CF321CBE},,,,,106,0,0
Anacostia River,Watts Branch - Lower,410.63431076,TMDL Subsheds,Anacostia River - Upper,MS4,temp_170,{0C783F6B-DDBA-4F9E-8504-6124BC6CA1F1},,,,,107,0,0
Anacostia River,Kingman Lake,690.75943648,TMDL Subsheds,Anacostia River - Upper,MS4,temp_158,{049F493C-925C-4EE2-813C-5ADD61DC895D},,,,,108,0,0
Rock Creek,Rock Creek,0.96682114,Direct Drain - Sewersheds,Rock Creek - Lower,MS4,temp_114,{32AFB599-9B68-4C53-8B86-BDFAAE08CDFA},,,,,109,0,0
Potomac River,Potomac River,1579.09405808,Direct Drain - Overland,Potomac River - Middle,MS4,temp_174,{5C3BF819-E24B-4F58-A947-1366E9B21F9E},,,,,110,0,0
Potomac River,Potomac River,4.877892,Direct Drain - Sewersheds,Potomac River - Middle,MS4,temp_1,{79E73FA2-AB7B-4E05-960D-8CA1188B5B53},,,,,111,0,0
Rock Creek,Rock Creek,2.02554398,Direct Drain - Sewersheds,Rock Creek - Lower,MS4,temp_2,{24DEDCF8-D502-43D5-9911-835ED5BBC6B8},,,,,112,0,0
Anacostia River,Watts Branch - Upper,848.33010949,TMDL Subsheds,Anacostia River - Upper,MS4,temp_145,{AB733670-8604-404A-8E25-B5D8B313755B},,,,,113,0,0
Rock Creek,Rock Creek,2.02230754,Direct Drain - Sewersheds,Rock Creek - Lower,MS4,temp_4,{8E64E7FF-3B15-45A3-993F-533159EBF8F7},,,,,114,0,0
Rock Creek,Rock Creek,2.42309468,Direct Drain - Sewersheds,Rock Creek - Lower,MS4,temp_3,{CB4F6919-5587-49E1-AD67-4B4F7C11ABDC},,,,,115,0,0
Potomac River,Potomac River,0.83355285,Direct Drain - Sewersheds,Potomac River - Middle,MS4,temp_92,{86436970-B46D-40F3-99C6-3A3890730E75},,,,,116,0,0
Rock Creek,Rock Creek,2.45075791,Direct Drain - Sewersheds,Rock Creek - Lower,MS4,temp_5,{ECA97E04-403A-4ED9-8AD0-585208349EC2},,,,,117,0,0
Potomac River,Potomac River,1.18857296,Direct Drain - Sewersheds,Potomac River - Middle,MS4,temp_11,{5D5EAB26-549D-4F70-8B98-22422BEAF9C4},,,,,118,0,0
Potomac River,Potomac River,10.17555817,Direct Drain - Sewersheds,Potomac River - Middle,MS4,temp_12,{0174C14C-A95E-4189-BB66-AB140BDE0278},,,,,119,0,0
Anacostia River,Anacostia River / Benning-ECap,842.85504095,Direct Drain - Sewersheds,Anacostia River - Upper,MS4,temp_38,{625408B6-30DB-4790-A77F-046A55C368FC},,,,,120,0,0
Potomac River,Potomac River,19.40169326,Direct Drain - Sewersheds,Potomac River - Middle,MS4,temp_91,{99D1E9E3-AD78-49C6-ABC4-7D5448E742C0},,,,,121,0,0
Anacostia River,Anacostia River / Benning-ECap,11.56250694,Direct Drain - Sewersheds,Anacostia River - Upper,MS4,temp_37,{00A5A090-CB5D-4243-8C7A-8021DFFCFD1F},,,,,122,0,0
Potomac River,Tidal Basin,409.64758451,TMDL Subsheds,Potomac River - Middle,MS4,temp_164,{7687978F-24D7-4B57-A590-70DC1301D20C},,,,,123,0,0
Anacostia River,Anacostia River / Benning-ECap,19.74275921,Direct Drain - Sewersheds,Anacostia River - Upper,MS4,temp_62,{C5DE83B3-8931-45F4-B96A-089EBA755D18},,,,,124,0,0
Potomac River,Potomac River,5.80881098,Direct Drain - Sewersheds,Potomac River - Middle,MS4,temp_93,{76A84929-F83F-4E29-AD75-2AB60DF4825E},,,,,125,0,0
Anacostia River,Anacostia River / Benning-ECap,22.63249423,Direct Drain - Sewersheds,Anacostia River - Upper,MS4,temp_64,{2BF77E80-6D28-47DD-A55A-583AF5F3A90C},,,,,126,0,0
Potomac River,Potomac River,9.53700094,Direct Drain - Sewersheds,Potomac River - Middle,MS4,temp_13,{6BAFD878-A3C0-4FBC-A605-35DED23FC65C},,,,,127,0,0
Anacostia River,Fort Chaplin Tributary,291.45606611,TMDL Subsheds,Anacostia River - Upper,MS4,temp_138,{95C5FE58-73D1-44E9-911B-5294A4E54434},,,,,128,0,0
Anacostia River,Anacostia River / Benning-ECap,2.50313125,Direct Drain - Sewersheds,Anacostia River - Upper,MS4,temp_63,{74255E68-06D5-4BCD-97C9-62242A638EAF},,,,,129,0,0
Potomac River,Potomac River,4.95396145,Direct Drain - Sewersheds,Potomac River - Middle,MS4,temp_14,{24505425-6DEE-4FCC-8366-5C3255CCDFDE},,,,,130,0,0
Anacostia River,Anacostia River / Ridge,125.40433005,Direct Drain - Sewersheds,Anacostia River - Upper,MS4,temp_27,{E49396AF-6681-4611-BE1F-1057412D982B},,,,,131,0,0
Anacostia River,Anacostia River / Ridge,3.92243417,Direct Drain - Sewersheds,Anacostia River - Upper,MS4,temp_83,{A9B5A3C2-D559-421D-8178-B02EA87C8DCF},,,,,132,0,0
Potomac River,Potomac River,7.69536498,Direct Drain - Sewersheds,Potomac River - Middle,MS4,temp_16,{66A973D4-3452-4481-9ED0-67AC73514374},,,,,133,0,0
Potomac River,Washington Ship Channel,833.38908055,TMDL Subsheds,Potomac River - Middle,MS4,temp_160,{3D19F277-5DA7-4A87-B498-830057FD955C},,,,,134,0,0
Potomac River,Potomac River,2.0570617,Direct Drain - Sewersheds,Potomac River - Middle,MS4,temp_18,{E332BDEB-48E1-4686-A7E8-CEEA0FF08CD1},,,,,135,0,0
Potomac River,Potomac River,0.74879024,Direct Drain - Sewersheds,Potomac River - Middle,MS4,temp_15,{97A99F5F-1251-4C95-8833-25939B4559BA},,,,,136,0,0
Potomac River,Potomac River,1.77880832,Direct Drain - Sewersheds,Potomac River - Middle,MS4,temp_17,{E9B826F9-15AA-4DF1-B13D-B044D1D92B77},,,,,137,0,0
Potomac River,Potomac River,8.87593329,Direct Drain - Sewersheds,Potomac River - Middle,MS4,temp_47,{6DD25BB2-E100-4D71-B3E8-E658C19CB53E},,,,,138,0,0
Anacostia River,Anacostia River / Northwest Anacostia,9.56375371,Direct Drain - Sewersheds,Anacostia River - Upper,MS4,temp_102,{4CBFA7E7-C6FB-49A6-8871-7AD4B8310FB2},,,,,139,0,0
Anacostia River,Fort Dupont Tributary,409.25680754,TMDL Subsheds,Anacostia River - Upper,MS4,temp_139,{FF9ACD5B-A636-4460-B4CE-0C6BFAD7F569},,,,,140,0,0
Anacostia River,Anacostia River / Northwest Anacostia,3.14489287,Direct Drain - Sewersheds,Anacostia River - Upper,MS4,temp_103,{A2456DE9-E74C-46DA-8CE3-F1B6B20A5947},,,,,141,0,0
Anacostia River,Anacostia River / Northwest Anacostia,6.24307303,Direct Drain - Sewersheds,Anacostia River - Upper,MS4,temp_101,{3F7417B5-E49C-429F-AD15-5AD7D73289F9},,,,,142,0,0
Anacostia River,Pope Branch,280.45164875,TMDL Subsheds,Anacostia River - Upper,MS4,temp_144,{F2A0774D-6B61-4C20-ACB4-33D032D35F99},,,,,143,0,0
Potomac River,Potomac River,3.78472291,Direct Drain - Sewersheds,Potomac River - Middle,MS4,temp_20,{681C1034-968F-4B1C-96ED-3366A3F17586},,,,,144,0,0
Potomac River,Potomac River,13.14466227,Direct Drain - Sewersheds,Potomac River - Middle,MS4,temp_19,{C5D1F046-15A3-4EF8-A9A1-3C8DA57355F3},,,,,145,0,0
Anacostia River,Anacostia River,15.80014417,Direct Drain - Sewersheds,Anacostia River - Lower,MS4,temp_100,{7B831109-76AD-47B4-9446-EA5A5E34905D},,,,,146,0,0
Anacostia River,Anacostia River,911.23722403,Direct Drain - Overland,Anacostia River - Lower,MS4,temp_171,{F29647EF-EB08-41C8-9F86-446DC9D55935},,,,,147,0,0
Anacostia River,Anacostia River / Northwest Anacostia,28.63583272,Direct Drain - Sewersheds,Anacostia River - Lower,MS4,temp_46,{C266AC3A-D5ED-4C2A-B582-1270B74932A5},,,,,148,0,0
Potomac River,Potomac River,2.14674756,Direct Drain - Sewersheds,Potomac River - Middle,MS4,temp_21,{CAE8EE96-0BEE-4F68-B6B6-FD014B564FE0},,,,,149,0,0
Anacostia River,Anacostia River / Northwest Anacostia,6.86600253,Direct Drain - Sewersheds,Anacostia River - Lower,MS4,temp_87,{B3BC0DEB-B372-4DE9-BC35-E06F579932D5},,,,,150,0,0
Anacostia River,Anacostia River,10.745038,Direct Drain - Sewersheds,Anacostia River - Upper,MS4,temp_40,{8D9CB868-B720-4117-A871-B229F7861CBE},,,,,151,0,0
Anacostia River,Fort Davis Tributary,234.09856393,TMDL Subsheds,Anacostia River - Upper,MS4,temp_140,{16DDFA79-EEA4-40E5-B1BA-7A35F33C81F9},,,,,152,0,0
Anacostia River,Texas Avenue Tributary,249.29976875,TMDL Subsheds,Anacostia River - Upper,MS4,temp_157,{EA5C6D3B-E2B6-4DF4-8D40-3476571F5292},,,,,153,0,0
Anacostia River,Anacostia River,26.06174674,Direct Drain - Sewersheds,Anacostia River - Lower,MS4,temp_50,{D2D0BC13-C0E2-470C-9652-4FAED0A9F8B2},,,,,154,0,0
Anacostia River,Anacostia River / Naylor,2.4500745,Direct Drain - Sewersheds,Anacostia River - Lower,MS4,temp_88,{EEF7CEAD-6861-41AD-A7C2-6BCF9321EFEC},,,,,155,0,0
Anacostia River,Anacostia River / Northwest Anacostia,20.26481609,Direct Drain - Sewersheds,Anacostia River - Lower,MS4,temp_45,{5C1F51CE-6E84-4BF7-BD06-EB5EDD2A2E43},,,,,156,0,0
Anacostia River,Anacostia River / Naylor,128.49843209,Direct Drain - Sewersheds,Anacostia River - Lower,MS4,temp_28,{92D4B9FB-DB34-4400-A6DC-2534EF8890A8},,,,,157,0,0
Potomac River,Oxon Run,2171.02625591,TMDL Subsheds,Potomac River - Lower,MS4,temp_146,{FC6064E6-4965-4B25-A015-BB611E1FE301},,,,,158,0,0
Anacostia River,Fort Stanton Tributary,276.86086926,TMDL Subsheds,Anacostia River - Lower,MS4,temp_141,{4A920FE3-2489-4C0F-9B60-27E8F1823E6C},,,,,159,0,0
Anacostia River,Anacostia River / Northwest Anacostia,52.20306951,Direct Drain - Sewersheds,Anacostia River - Lower,MS4,temp_44,{49C7C64A-4B40-4860-8820-03937E10AF65},,,,,160,0,0
Anacostia River,Anacostia River,12.99233126,Direct Drain - Sewersheds,Anacostia River - Lower,MS4,temp_29,{E5ABB390-B343-4F81-82E1-E5DEA7A2B92D},,,,,161,0,0
Anacostia River,Anacostia River,16.5147816,Direct Drain - Sewersheds,Anacostia River - Lower,MS4,temp_108,{05BBFA3C-1C3D-4911-A721-DA958CDD5B39},,,,,162,0,0
Anacostia River,Anacostia River / Suitland-Stickfoot,9.06320044,Direct Drain - Sewersheds,Anacostia River - Lower,MS4,temp_43,{EC4E4A22-1D6B-4843-AA3D-44A7DD4BA75B},,,,,163,0,0
Anacostia River,Anacostia River / Suitland-Stickfoot,37.72002394,Direct Drain - Sewersheds,Anacostia River - Lower,MS4,temp_78,{2EEF54A6-C651-4C8E-ABEA-8EC0291E244F},,,,,164,0,0
Anacostia River,Anacostia River / Suitland-Stickfoot,621.7967051,Direct Drain - Sewersheds,Anacostia River - Lower,MS4,temp_115,{475F00A3-57CA-4370-9514-017793378098},,,,,165,0,0
Anacostia River,Anacostia River / Suitland-Stickfoot,27.29492649,Direct Drain - Sewersheds,Anacostia River - Lower,MS4,temp_79,{99C6FEAC-3F39-4753-8F0D-E36D141FBE34},,,,,166,0,0
Anacostia River,Anacostia River / Northwest Anacostia,3.20086834,Direct Drain - Sewersheds,Anacostia River - Lower,MS4,temp_80,{773C6F12-3139-4CAB-80B0-B4D10EB8EECA},,,,,167,0,0
Anacostia River,Anacostia River / Northwest Anacostia,0.63388937,Direct Drain - Sewersheds,Anacostia River - Lower,MS4,temp_81,{DA0DCFF5-AF25-4DE2-8327-5315BA8B5737},,,,,168,0,0
Anacostia River,Anacostia River / Suitland-Stickfoot,304.34209113,Direct Drain - Sewersheds,Anacostia River - Lower,MS4,temp_77,{BB96C591-83CA-438C-9C52-369CF1AE2E59},,,,,169,0,0
Anacostia River,Anacostia River / Northwest Anacostia,2.18374596,Direct Drain - Sewersheds,Anacostia River - Lower,MS4,temp_82,{CC78CC62-3ED4-4B8E-B636-28C8402A2D35},,,,,170,0,0
Potomac River,Potomac River,3137.24614761,Direct Drain - Overland,Potomac River - Lower,MS4,temp_173,{0E78633A-5F4B-43F4-95F3-A7CC2A03F22F},,,,,171,0,0
Anacostia River,Anacostia River / Suitland-Stickfoot,40.38646647,Direct Drain - Sewersheds,Anacostia River - Lower,MS4,temp_42,{519CC3B6-BE27-45A1-8BC8-B15B1158ECB3},,,,,172,0,0
Anacostia River,Anacostia River / Suitland-Stickfoot,1.25120028,Direct Drain - Sewersheds,Anacostia River - Lower,MS4,temp_51,{612C7783-3CB3-48B0-9DD1-8F383F60C725},,,,,173,0,0
Anacostia River,Anacostia River / Suitland-Stickfoot,5.49749018,Direct Drain - Sewersheds,Anacostia River - Lower,MS4,temp_41,{F6FE36E1-0F28-487F-9B4A-74CC0D471798},,,,,174,0,0
Anacostia River,Anacostia River / Suitland-Stickfoot,2.51371789,Direct Drain - Sewersheds,Anacostia River - Lower,MS4,temp_86,{D04F7B9A-F2E9-469D-A7AF-852DE0EF330C},,,,,175,0,0
Anacostia River,Anacostia River / Suitland-Stickfoot,2.19989856,Direct Drain - Sewersheds,Anacostia River - Lower,MS4,temp_85,{A6341C64-26CC-4027-B819-35A00B5DA140},,,,,176,0,0
Anacostia River,Anacostia River / Suitland-Stickfoot,16.79704238,Direct Drain - Sewersheds,Anacostia River - Lower,MS4,temp_84,{AF959874-FCBA-4D72-ACB9-097BCF5FD88A},,,,,177,0,0
Anacostia River,Anacostia River / Suitland-Stickfoot,6.51741897,Direct Drain - Sewersheds,Anacostia River - Lower,MS4,temp_39,{2F31A263-3C25-4E52-B7C9-8A37488F5719},,,,,178,0,0
Anacostia River,Anacostia River / Suitland-Stickfoot,1.76557005,Direct Drain - Sewersheds,Anacostia River - Lower,MS4,temp_94,{4F3AFF78-73CC-46E0-A912-7263033886E1},,,,,179,0,0
Potomac River,Potomac River,321.88722964,Direct Drain - Sewersheds,Potomac River - Lower,MS4,temp_76,{B5462248-3AE8-4353-9ED1-CA021A8774C5},,,,,180,0,0
Potomac River,Potomac River,102.82329802,Direct Drain - Sewersheds,Potomac River - Lower,MS4,temp_75,{E4BFBCC4-ECFF-4099-9CD2-41348168F331},,,,,181,0,0
Potomac River,Potomac River,3.9679869,Direct Drain - Sewersheds,Potomac River - Lower,MS4,temp_74,{822DC314-5491-4BCF-8EF1-83957A0782C9},,,,,182,0,0
Potomac River,Potomac River,6.50243073,Direct Drain - Sewersheds,Potomac River - Lower,MS4,temp_71,{80480E0A-3EFB-4264-8901-A958DEF3E104},,,,,183,0,0
Potomac River,Potomac River,23.60000112,Direct Drain - Sewersheds,Potomac River - Lower,MS4,temp_104,{8B5AE872-CEFC-4E0D-9659-BED2386FD426},,,,,184,0,0
Potomac River,Potomac River,15.76495213,Direct Drain - Sewersheds,Potomac River - Lower,MS4,temp_72,{F85ACE81-04A3-4EBC-98A0-02B746CFD5AD},,,,,185,0,0
Potomac River,Potomac River / Oxon Cove,60.60863206,Direct Drain - Sewersheds,Potomac River - Lower,MS4,temp_73,{FCCBE679-DC26-4793-BAF3-CC1DC8169EE9},,,,,186,0,0
Potomac River,Potomac River,11.91276457,Direct Drain - Sewersheds,Potomac River - Lower,MS4,temp_90,{7603A886-F08F-4993-829D-5E734B6BF3E1},,,,,187,0,0
Potomac River,Potomac River,2.89089864,Direct Drain - Sewersheds,Potomac River - Lower,MS4,temp_70,{22BDCA18-8505-4018-A78D-63FAC9B3E5B8},,,,,188,0,0
